epoch,train_loss,valid_loss,accuracy,time
0,0.290207,0.307019,0.863753,01:37
1,0.270236,0.319547,0.863753,01:35
2,0.22634,0.284355,0.881748,01:33
3,0.198159,0.291029,0.892031,01:37
4,0.171473,0.285701,0.897172,01:4